{
  "project_info": {
    "project_number": "60286250778",
    "firebase_url": "https://maddevops-e8d04.firebaseio.com",
    "project_id": "maddevops-e8d04",
    "storage_bucket": "maddevops-e8d04.appspot.com"
  },
  "client": [
    {
      "client_info": {
        "mobilesdk_app_id": "1:60286250778:android:33eb82b420eb2e7f",
        "android_client_info": {
          "package_name": "com.example.businessapp"
        }
      },
      "oauth_client": [
        {
          "client_id": "60286250778-4qav8lhrt58bfmk5e9q8mvukek5afe5m.apps.googleusercontent.com",
          "client_type": 3
        }
      ],
      "api_key": [
        {
          "current_key": "AIzaSyAVJ1XJMMuzJNUeuMrSToUahDQdpjVGBFo"
        }
      ],
      "services": {
        "analytics_service": {
          "status": 1
        },
        "appinvite_service": {
          "status": 1,
          "other_platform_oauth_client": []
        },
        "ads_service": {
          "status": 2
        }
      }
    }
  ],
  "configuration_version": "1"
}